{"cameraMode":{"drawMode":0,"name":"Shaded","section":"Shading Mode"},"sceneLighting":true,"audioPlay":false,"sceneViewState":{"m_AlwaysRefresh":false,"showFog":true,"showSkybox":true,"showFlares":true,"showImageEffects":true,"showParticleSystems":true,"showVisualEffectGraphs":true,"m_FxEnabled":true},"in2DMode":false,"pivot":{"x":-7.334211349487305,"y":-51.5733642578125,"z":0.9552697539329529},"rotation":{"x":-0.7028537392616272,"y":0.00041920453077182174,"z":-0.0004175612994004041,"w":-0.7113393545150757},"size":37.022647857666019,"orthographic":false}