{"cameraMode":{"drawMode":0,"name":"Shaded","section":"Shading Mode"},"sceneLighting":true,"audioPlay":false,"sceneViewState":{"m_AlwaysRefresh":false,"showFog":true,"showSkybox":true,"showFlares":true,"showImageEffects":true,"showParticleSystems":true,"showVisualEffectGraphs":true,"m_FxEnabled":true},"in2DMode":false,"pivot":{"x":-3.833491325378418,"y":-1.2742879390716553,"z":-0.6420004367828369},"rotation":{"x":0.26425454020500185,"y":0.4879477620124817,"z":-0.15786369144916535,"w":0.8167957663536072},"size":11.425080299377442,"orthographic":false}