{"cameraMode":{"drawMode":0,"name":"Shaded","section":"Shading Mode"},"sceneLighting":true,"audioPlay":false,"sceneViewState":{"m_AlwaysRefresh":false,"showFog":true,"showSkybox":true,"showFlares":true,"showImageEffects":true,"showParticleSystems":true,"showVisualEffectGraphs":true,"m_FxEnabled":true},"in2DMode":false,"pivot":{"x":-3.4579830169677736,"y":-7.233634948730469,"z":-0.25699758529663088},"rotation":{"x":-0.6888353228569031,"y":-0.005009200889617205,"z":0.004757394548505545,"w":-0.7248936295509338},"size":11.245372772216797,"orthographic":false}